Player,Pos,Age,Tm,G,GS,MP,FG,FGA,FG%,3P,3PA,3P%,2P,2PA,2P%,eFG%,FT,FTA,FT%,ORB,DRB,TRB,AST,STL,BLK,TOV,PF,PTS
Precious Achiuwa,PF,21,MIA,12,2,17.3,3.3,5.3,.619,0.0,0.0,0,3.3,5.3,.619,.619,1.7,3.2,.526,2.2,3.5,5.7,0.9,0.2,0.3,1.3,2.7,8.2
Jaylen Adams,PG,24,MIL,1,0,1.0,0.0,1.0,.000,0.0,1.0,.000,0.0,0.0,0,.000,0.0,0.0,0,0.0,0.0,0.0,0.0,0.0,0.0,0.0,0.0,0.0
Steven Adams,C,27,NOP,13,13,30.6,4.2,6.5,.635,0.0,0.0,0,4.2,6.5,.635,.635,1.5,2.8,.514,3.8,5.2,9.0,2.6,1.2,0.7,1.8,1.6,9.8
Bam Adebayo,C,23,MIA,10,10,31.3,6.9,10.7,.645,0.0,0.1,.000,6.9,10.6,.651,.645,5.7,6.7,.851,1.2,7.8,9.0,5.1,1.0,1.2,3.6,2.8,19.5
LaMarcus Aldridge,C,35,SAS,11,11,27.9,6.2,14.0,.442,1.0,3.7,.268,5.2,10.3,.504,.477,1.0,1.2,.846,0.8,3.9,4.7,2.4,0.5,0.7,1.3,1.9,14.4
Ty-Shon Alexander,SG,22,PHO,3,0,2.7,0.0,1.0,.000,0.0,0.3,.000,0.0,0.7,.000,.000,0.0,0.0,0,0.0,0.3,0.3,0.3,0.0,0.0,0.0,0.3,0.0
Nickeil Alexander-Walker,SG,22,NOP,11,3,20.1,4.4,9.6,.453,1.5,4.1,.356,2.9,5.5,.525,.528,0.9,1.2,.769,0.3,2.7,3.0,1.8,1.0,0.2,1.5,2.1,11.1
Grayson Allen,SG,25,MEM,12,4,21.5,2.3,6.0,.375,1.5,4.2,.360,0.8,1.8,.409,.500,2.0,2.3,.889,0.5,2.4,2.9,2.0,1.0,0.3,1.2,0.8,8.0
Jarrett Allen,C,22,BRK,12,5,26.7,3.7,5.4,.677,0.0,0.0,0,3.7,5.4,.677,.677,3.8,5.1,.754,3.2,7.3,10.4,1.7,0.6,1.6,1.8,1.8,11.2
Kyle Anderson,PF,27,MEM,13,13,29.7,4.6,11.0,.420,1.5,4.4,.333,3.2,6.6,.477,.486,1.8,2.3,.800,1.0,6.2,7.2,4.1,0.6,0.8,1.8,2.0,12.5
Giannis Antetokounmpo,PF,26,MIL,13,13,31.8,9.9,18.7,.531,1.5,5.0,.308,8.4,13.7,.612,.572,5.8,9.8,.586,1.7,8.5,10.2,5.3,1.2,1.1,3.5,3.2,27.2
Kostas Antetokounmpo,PF,23,LAL,1,0,8.0,0.0,2.0,.000,0.0,0.0,0,0.0,2.0,.000,.000,0.0,0.0,0,0.0,4.0,4.0,0.0,0.0,2.0,2.0,1.0,0.0
Carmelo Anthony,PF,36,POR,13,0,24.9,3.9,9.7,.405,1.8,4.0,.442,2.2,5.7,.378,.496,2.5,3.0,.846,0.2,2.8,3.1,1.2,0.9,0.5,0.8,2.2,12.2
Cole Anthony,PG,20,ORL,14,6,24.3,3.6,11.1,.321,0.8,3.5,.224,2.8,7.6,.364,.356,2.1,2.4,.882,0.9,3.4,4.3,3.3,0.7,0.3,1.7,1.9,10.1
Ryan Arcidiacono,PG,26,CHI,4,0,15.5,1.8,4.8,.368,1.3,3.0,.417,0.5,1.8,.286,.500,1.0,1.3,.800,0.0,3.0,3.0,2.8,0.5,0.0,0.5,1.8,5.8
D.J. Augustin,PG,33,MIL,13,0,18.5,1.7,5.2,.328,1.2,3.2,.357,0.5,1.9,.280,.440,1.2,1.2,1.000,0.5,0.7,1.2,2.6,0.4,0.0,1.0,0.5,5.8
Deandre Ayton,C,22,PHO,12,12,30.6,5.6,10.0,.558,0.1,0.5,.167,5.5,9.5,.579,.563,1.7,2.5,.667,3.0,8.7,11.7,1.9,0.3,1.0,1.9,3.3,12.9
Udoka Azubuike,C,21,UTA,7,0,4.6,0.4,0.7,.600,0.0,0.0,0,0.4,0.7,.600,.600,0.3,0.6,.500,0.3,0.7,1.0,0.0,0.1,0.3,0.3,0.6,1.1
Dwayne Bacon,SG,25,ORL,14,14,25.6,3.8,9.1,.414,0.6,2.1,.267,3.2,7.0,.459,.445,1.1,1.6,.682,0.4,2.6,3.0,0.9,0.4,0.1,0.7,1.9,9.2
Marvin Bagley III,PF,21,SAC,14,14,26.1,5.4,11.5,.466,1.0,2.8,.359,4.4,8.7,.500,.509,2.0,3.4,.596,2.1,5.6,7.8,0.9,0.4,0.6,1.8,2.5,13.7
LaMelo Ball,PG,19,CHO,14,0,25.2,4.4,11.0,.403,1.6,4.7,.333,2.9,6.3,.455,.474,1.4,2.0,.679,1.8,5.0,6.8,6.1,1.5,0.4,2.1,2.6,11.8
Lonzo Ball,PG,23,NOP,10,10,32.4,4.6,11.9,.387,2.0,7.1,.282,2.6,4.8,.542,.471,0.7,1.2,.583,0.5,3.5,4.0,4.4,1.3,0.6,2.6,2.8,11.9
Mo Bamba,C,22,ORL,4,0,8.3,2.0,4.5,.444,0.5,1.8,.286,1.5,2.8,.545,.500,0.5,0.8,.667,1.3,2.3,3.5,0.5,0.0,0.5,0.5,2.5,5.0
Desmond Bane,SG,22,MEM,13,0,21.9,3.2,6.7,.471,1.8,3.6,.489,1.4,3.1,.450,.603,0.5,0.7,.778,0.4,2.4,2.8,1.1,0.7,0.0,1.1,1.8,8.6
Harrison Barnes,PF,28,SAC,14,14,35.1,5.6,11.4,.491,1.4,3.6,.400,4.1,7.8,.532,.553,3.8,4.6,.815,0.9,5.4,6.4,3.2,0.7,0.2,1.5,1.0,16.4
RJ Barrett,SG,20,NYK,15,15,37.1,6.3,15.9,.395,0.9,4.3,.215,5.3,11.5,.462,.424,3.7,4.9,.753,1.6,6.0,7.6,3.4,0.8,0.3,1.9,2.2,17.1
Aron Baynes,C,34,TOR,10,10,15.8,1.8,4.9,.367,0.3,1.9,.158,1.5,3.0,.500,.398,0.0,0.0,0,1.2,3.3,4.5,0.4,0.1,0.0,0.8,2.3,3.9
Darius Bazley,PF,20,OKC,13,13,29.2,4.0,10.5,.380,1.3,4.8,.270,2.7,5.7,.473,.442,1.2,1.5,.842,0.8,6.4,7.2,1.4,0.5,1.1,1.8,1.2,10.5
Bradley Beal,SG,27,WAS,10,10,35.9,12.1,24.5,.494,2.4,6.4,.375,9.7,18.1,.536,.543,8.3,9.5,.874,1.5,3.8,5.3,5.0,1.4,0.7,3.3,2.5,34.9
Malik Beasley,SG,24,MIN,12,12,32.6,7.3,16.3,.444,2.8,7.1,.388,4.5,9.3,.486,.528,2.5,2.8,.882,0.7,4.1,4.8,2.1,0.6,0.3,1.3,1.4,19.8
Dāvis Bertāns,PF,28,WAS,11,0,24.0,3.5,9.3,.373,2.8,7.8,.360,0.6,1.5,.438,.525,2.1,2.5,.821,0.5,2.5,3.1,1.4,0.5,0.3,0.5,2.1,11.8
Patrick Beverley,PG,32,LAC,13,13,26.4,2.9,6.9,.422,2.0,4.5,.441,0.9,2.4,.387,.567,1.0,1.3,.765,1.4,2.9,4.3,2.2,0.8,0.8,0.8,3.6,8.8
Khem Birch,C,28,ORL,14,0,21.4,2.9,5.5,.519,0.1,0.3,.250,2.8,5.2,.534,.526,1.9,2.1,.867,2.6,3.6,6.1,1.1,0.9,0.4,0.5,2.0,7.6
Goga Bitadze,C,21,IND,1,0,16.0,2.0,5.0,.400,0.0,1.0,.000,2.0,4.0,.500,.400,1.0,2.0,.500,1.0,1.0,2.0,0.0,2.0,1.0,1.0,2.0,5.0
Bismack Biyombo,C,28,CHO,14,13,26.9,3.2,5.8,.556,0.0,0.1,.000,3.2,5.7,.563,.556,1.1,2.5,.457,2.7,4.6,7.3,1.8,0.2,1.4,1.3,2.6,7.6
Nemanja Bjelica,PF,32,SAC,10,0,15.1,2.1,5.1,.412,0.5,2.1,.238,1.6,3.0,.533,.461,1.9,2.3,.826,1.0,2.6,3.6,1.9,0.0,0.2,1.2,2.0,6.6
Eric Bledsoe,SG,31,NOP,12,11,28.7,4.3,9.8,.444,1.9,4.7,.411,2.4,5.1,.475,.543,1.3,1.8,.727,0.6,2.8,3.3,3.7,0.9,0.3,2.0,1.7,11.9
Bogdan Bogdanović,SG,28,ATL,9,2,23.7,3.3,8.7,.385,2.3,6.4,.362,1.0,2.2,.450,.519,0.9,1.0,.889,0.2,3.6,3.8,2.1,0.4,0.1,1.2,2.0,9.9
Bol Bol,PF,21,DEN,8,2,6.5,0.8,1.9,.400,0.3,0.8,.333,0.5,1.1,.444,.467,0.0,0.0,0,0.0,0.8,0.8,0.1,0.0,0.4,0.6,0.9,1.8
Marques Bolden,C,22,CLE,6,0,4.8,0.2,0.5,.333,0.0,0.0,0,0.2,0.5,.333,.333,0.8,1.3,.625,0.5,0.5,1.0,0.0,0.3,0.3,0.3,0.0,1.2
Jordan Bone,PG,23,ORL,9,0,16.9,2.0,4.2,.474,0.7,2.2,.300,1.3,2.0,.667,.553,0.0,0.0,0,0.3,1.9,2.2,1.2,0.2,0.0,0.3,0.7,4.7
Devin Booker,SG,24,PHO,12,12,35.4,7.8,17.0,.461,2.1,6.0,.347,5.8,11.0,.523,.522,4.3,5.3,.813,0.3,3.0,3.3,4.3,1.2,0.3,3.9,3.1,22.1
Chris Boucher,C,28,TOR,13,0,23.8,5.6,9.3,.603,1.8,3.8,.469,3.8,5.5,.694,.698,3.1,3.9,.784,2.2,4.8,7.0,1.1,0.6,2.5,0.6,3.0,16.1
Avery Bradley,SG,30,MIA,7,1,22.9,3.6,7.3,.490,1.9,4.1,.448,1.7,3.1,.545,.618,1.0,1.3,.778,0.1,1.7,1.9,1.7,0.9,0.1,0.7,2.6,10.0
Tony Bradley,C,23,PHI,5,0,13.4,2.2,4.6,.478,0.0,0.2,.000,2.2,4.4,.500,.478,0.2,0.6,.333,2.8,3.8,6.6,0.6,0.6,1.0,0.2,1.2,4.6
Jarrell Brantley,PF,24,UTA,2,0,3.5,0.0,0.5,.000,0.0,0.5,.000,0.0,0.0,0,.000,0.0,0.0,0,0.5,0.0,0.5,0.0,0.0,0.5,0.0,1.0,0.0
Miles Bridges,PF,22,CHO,14,0,25.9,3.4,7.6,.449,1.4,3.5,.408,2.0,4.1,.483,.542,1.0,1.1,.933,1.0,4.1,5.1,2.0,0.8,1.0,1.8,2.4,9.3
Malcolm Brogdon,PG,28,IND,13,13,36.6,8.5,18.1,.468,3.0,6.9,.433,5.5,11.2,.490,.551,2.3,2.6,.882,0.7,3.3,4.0,7.5,1.8,0.2,1.7,1.8,22.2
Bruce Brown,PG,24,BRK,11,5,16.5,2.5,4.5,.560,0.2,1.1,.167,2.4,3.5,.684,.580,0.5,0.6,.714,1.0,3.4,4.4,1.1,0.3,0.4,1.4,1.5,5.7
Jaylen Brown,SG,24,BOS,12,12,33.6,9.8,18.6,.529,2.4,5.9,.408,7.4,12.7,.586,.594,3.7,4.6,.800,1.3,4.6,5.8,3.8,1.6,0.6,2.8,2.8,25.8
Moses Brown,C,21,OKC,5,0,4.4,1.0,1.4,.714,0.0,0.0,0,1.0,1.4,.714,.714,1.4,2.8,.500,0.4,1.6,2.0,0.2,0.2,0.4,0.0,0.6,3.4
Sterling Brown,SG,25,HOU,10,1,20.5,3.2,6.2,.516,1.7,3.7,.459,1.5,2.5,.600,.653,0.4,0.4,1.000,0.8,2.4,3.2,1.0,1.0,0.0,0.4,1.8,8.5
Jalen Brunson,PG,24,DAL,9,2,20.0,4.0,8.3,.480,1.1,2.9,.385,2.9,5.4,.531,.547,2.2,2.4,.909,0.0,2.4,2.4,3.3,0.6,0.0,1.9,1.3,11.3
Thomas Bryant,C,23,WAS,10,10,27.1,5.9,9.1,.648,0.9,2.1,.429,5.0,7.0,.714,.698,1.6,2.4,.667,1.8,4.3,6.1,1.5,0.4,0.8,1.1,3.1,14.3
Trey Burke,PG,28,DAL,12,0,21.8,3.5,8.5,.412,1.8,4.4,.415,1.7,4.1,.408,.520,1.3,1.7,.800,0.3,1.3,1.6,1.9,0.7,0.2,0.8,1.9,10.2
Alec Burks,SG,29,NYK,3,0,27.7,5.7,10.7,.531,3.3,5.0,.667,2.3,5.7,.412,.688,6.0,6.7,.900,0.0,3.7,3.7,3.7,1.0,0.7,2.3,3.3,20.7
Bruno Caboclo,PF,25,HOU,6,0,6.0,1.3,2.8,.471,0.0,0.8,.000,1.3,2.0,.667,.471,0.2,0.3,.500,0.5,1.8,2.3,0.2,0.0,0.3,0.7,1.0,2.8
Kentavious Caldwell-Pope,SG,27,LAL,11,11,22.9,3.5,6.7,.527,2.0,3.7,.537,1.5,3.0,.515,.676,1.0,1.1,.917,0.5,1.5,2.1,1.5,1.1,0.3,0.8,1.5,10.1
Facundo Campazzo,PG,29,DEN,13,0,12.6,1.4,3.6,.383,1.0,2.5,.406,0.4,1.2,.333,.521,0.8,1.0,.769,0.1,0.8,0.8,1.4,0.6,0.1,0.8,2.2,4.5
Vlatko Čančar,PF,23,DEN,5,0,2.8,0.0,0.6,.000,0.0,0.4,.000,0.0,0.2,.000,.000,0.0,0.0,0,0.2,0.4,0.6,0.0,0.4,0.2,0.4,0.2,0.0
Clint Capela,C,26,ATL,11,11,28.5,5.7,9.8,.583,0.0,0.0,0,5.7,9.8,.583,.583,1.6,3.0,.545,3.6,9.5,13.1,1.1,0.7,1.4,1.5,2.0,13.1
Vernon Carey Jr.,C,19,CHO,3,0,2.0,0.3,1.0,.333,0.0,0.3,.000,0.3,0.7,.500,.333,0.3,0.7,.500,0.7,0.3,1.0,0.3,0.0,0.3,0.0,0.0,1.0
Jevon Carter,PG,25,PHO,12,0,13.7,1.5,3.8,.391,0.7,2.5,.267,0.8,1.3,.625,.478,0.2,0.2,1.000,0.1,1.4,1.5,0.9,0.6,0.4,0.3,1.8,3.8
Wendell Carter Jr.,C,21,CHI,14,14,26.9,4.6,8.7,.533,0.3,1.1,.267,4.4,7.6,.570,.549,3.2,4.4,.726,2.4,5.6,8.0,2.4,0.6,0.6,1.9,3.1,12.8
Michael Carter-Williams,SG,29,ORL,7,2,22.9,2.1,6.3,.341,0.1,1.7,.083,2.0,4.6,.438,.352,0.7,0.9,.833,2.1,3.0,5.1,1.7,0.6,0.6,1.3,2.7,5.1
Alex Caruso,PG,26,LAL,10,0,17.6,2.1,4.1,.512,1.5,2.7,.556,0.6,1.4,.429,.695,0.1,0.2,.500,0.4,2.1,2.5,2.4,1.0,0.2,1.2,1.2,5.8
Willie Cauley-Stein,C,27,DAL,13,7,19.3,2.5,4.0,.615,0.0,0.2,.000,2.5,3.8,.640,.615,1.3,2.2,.607,1.5,4.2,5.8,0.8,0.4,0.6,0.8,2.8,6.2
Chris Chiozza,PG,25,BRK,6,0,13.8,1.5,6.0,.250,0.7,2.5,.267,0.8,3.5,.238,.306,0.7,1.0,.667,0.5,0.8,1.3,3.0,0.7,0.5,1.0,0.8,4.3
Marquese Chriss,PF,23,GSW,2,0,13.5,2.5,7.0,.357,0.5,2.5,.200,2.0,4.5,.444,.393,1.0,2.0,.500,1.5,5.0,6.5,1.0,0.0,1.0,1.0,1.5,6.5
Brandon Clarke,PF,24,MEM,13,9,29.3,5.8,12.5,.469,0.5,2.1,.259,5.3,10.4,.511,.491,1.0,2.0,.500,2.1,4.1,6.2,1.8,1.1,0.7,0.8,1.7,13.2
Jordan Clarkson,SG,28,UTA,14,0,25.4,6.6,13.5,.492,3.1,7.1,.430,3.6,6.4,.562,.606,1.2,1.3,.944,1.0,3.7,4.7,2.1,0.9,0.3,1.9,1.4,17.6
Amir Coffey,SG,23,LAC,10,0,5.3,0.7,1.7,.412,0.3,0.7,.429,0.4,1.0,.400,.500,0.2,0.5,.400,0.2,0.1,0.3,0.4,0.0,0.0,0.1,0.3,1.9
John Collins,PF,23,ATL,13,13,28.7,6.0,11.1,.542,1.1,3.1,.350,4.9,8.0,.615,.590,2.5,3.2,.805,2.2,5.1,7.2,1.6,0.6,1.0,1.2,3.2,15.6
Mike Conley,PG,33,UTA,14,14,30.0,5.6,12.6,.449,2.8,6.8,.411,2.9,5.8,.494,.560,2.0,2.9,.700,1.0,3.0,4.0,6.3,1.4,0.1,2.1,1.9,16.1
Pat Connaughton,SG,28,MIL,11,0,17.0,2.2,4.7,.462,1.7,3.5,.500,0.5,1.3,.357,.644,0.2,0.2,1.000,1.1,2.9,4.0,1.5,0.7,0.4,0.2,1.2,6.3
Quinn Cook,PG,27,LAL,10,0,3.7,0.7,1.5,.467,0.4,0.8,.500,0.3,0.7,.429,.600,0.4,0.5,.800,0.0,0.2,0.2,0.3,0.1,0.0,0.1,0.1,2.2
DeMarcus Cousins,C,30,HOU,9,1,14.2,2.0,6.7,.300,0.9,3.3,.267,1.1,3.3,.333,.367,1.7,2.2,.750,1.1,4.8,5.9,1.9,0.7,0.9,1.3,2.0,6.6
Robert Covington,PF,30,POR,14,14,30.1,2.3,7.3,.314,1.6,5.2,.301,0.7,2.1,.345,.422,0.5,0.6,.875,0.6,5.1,5.7,1.7,1.5,0.5,1.2,2.9,6.6
Jae Crowder,PF,30,PHO,12,11,28.7,3.2,8.0,.396,2.2,6.3,.342,1.0,1.7,.600,.531,1.0,1.2,.857,0.3,4.3,4.7,2.5,0.8,0.1,0.6,2.3,9.5
Jarrett Culver,SG,21,MIN,12,7,22.2,3.0,6.8,.444,0.4,1.8,.227,2.6,4.9,.525,.475,0.9,1.8,.524,1.9,3.8,5.8,1.0,0.8,0.3,1.6,2.3,7.3
Seth Curry,SG,30,PHI,8,8,30.0,5.9,9.8,.603,3.1,5.3,.595,2.8,4.5,.611,.763,2.1,2.1,1.000,0.1,2.1,2.3,3.6,0.8,0.4,1.5,1.8,17.0
Stephen Curry,PG,32,GSW,13,13,34.5,9.1,20.6,.440,4.1,11.2,.366,5.0,9.5,.528,.539,6.0,6.4,.940,0.7,4.5,5.2,6.2,1.2,0.2,3.5,2.2,28.2
Anthony Davis,PF,27,LAL,13,13,32.3,8.3,15.6,.532,1.0,2.8,.361,7.3,12.8,.569,.564,3.7,4.9,.750,2.0,7.0,9.0,3.4,1.2,1.9,1.7,1.5,21.3
Ed Davis,C,31,MIN,9,4,14.0,1.0,2.7,.375,0.0,0.0,0,1.0,2.7,.375,.375,0.6,0.7,.833,2.4,2.9,5.3,0.7,0.6,0.4,0.2,2.2,2.6
Terence Davis,SG,23,TOR,8,0,12.1,2.6,5.5,.477,1.1,2.9,.391,1.5,2.6,.571,.580,0.6,0.6,1.000,0.1,1.4,1.5,1.0,0.4,0.1,0.9,1.8,7.0
Hamidou Diallo,SG,22,OKC,13,0,20.2,4.2,8.2,.519,0.4,1.2,.333,3.8,7.0,.549,.542,2.2,3.4,.659,0.9,4.1,5.0,1.7,0.9,0.3,1.2,2.2,11.1
Gorgui Dieng,C,31,MEM,10,0,16.8,3.1,5.9,.525,1.1,2.5,.440,2.0,3.4,.588,.619,0.8,0.8,1.000,1.1,3.3,4.4,1.6,1.0,0.6,1.0,1.4,8.1
Spencer Dinwiddie,SG,27,BRK,3,3,21.3,2.0,5.3,.375,0.7,2.3,.286,1.3,3.0,.444,.438,2.0,2.0,1.000,0.0,4.3,4.3,3.0,0.7,0.3,1.7,1.3,6.7
Donte DiVincenzo,SG,24,MIL,14,14,25.6,3.8,8.6,.442,2.1,4.9,.441,1.6,3.7,.442,.567,0.4,0.6,.750,0.8,3.1,3.9,2.5,1.4,0.2,1.1,1.1,10.1
Luka Dončić,PG,21,DAL,12,12,34.5,9.7,21.0,.460,2.1,7.3,.287,7.6,13.8,.552,.510,5.8,7.7,.750,1.3,8.6,9.9,9.3,1.1,0.8,4.3,1.7,27.2
Luguentz Dort,SG,21,OKC,13,13,28.3,4.6,9.5,.484,2.4,5.5,.437,2.2,4.1,.547,.609,1.8,2.3,.767,0.7,3.2,3.9,0.9,1.2,0.3,1.1,2.4,13.4
Damyean Dotson,SG,26,CLE,12,6,26.5,3.5,8.6,.408,1.2,4.5,.259,2.3,4.1,.571,.476,0.8,1.3,.667,0.2,1.5,1.7,3.0,0.7,0.2,1.1,1.1,9.0
Devon Dotson,PG,21,CHI,1,0,10.0,2.0,4.0,.500,0.0,0.0,0,2.0,4.0,.500,.500,0.0,0.0,0,0.0,1.0,1.0,0.0,0.0,0.0,0.0,1.0,4.0
Sekou Doumbouya,PF,20,DET,12,0,11.8,1.4,4.2,.340,0.6,1.6,.368,0.8,2.6,.323,.410,0.8,0.9,.818,0.6,1.8,2.3,0.4,0.3,0.2,0.3,1.3,4.2
PJ Dozier,SG,24,DEN,14,0,20.6,2.6,5.9,.446,0.9,2.3,.406,1.7,3.6,.471,.524,1.0,1.4,.700,1.1,3.3,4.4,1.3,0.5,0.6,0.9,1.7,7.2
Goran Dragić,PG,34,MIA,10,1,25.1,5.5,10.9,.505,1.5,4.4,.341,4.0,6.5,.615,.573,2.7,3.3,.818,0.5,1.9,2.4,5.3,0.5,0.1,3.0,2.4,15.2
Andre Drummond,C,27,CLE,12,12,32.3,7.8,16.5,.475,0.0,0.6,.000,7.8,15.9,.492,.475,3.6,6.4,.558,4.4,11.3,15.8,2.9,1.7,1.6,3.8,3.2,19.3
Jared Dudley,PF,35,LAL,6,0,3.7,0.2,0.2,1.000,0.2,0.2,1.000,0.0,0.0,0,1.500,0.0,0.0,0,0.2,0.8,1.0,0.2,0.0,0.0,0.0,0.0,0.5
Kevin Durant,PF,32,BRK,11,11,34.9,10.3,19.0,.541,2.8,5.8,.484,7.5,13.2,.566,.615,7.3,8.4,.870,0.4,6.7,7.1,5.8,0.8,1.1,3.8,2.1,30.6
Anthony Edwards,SG,19,MIN,12,0,25.2,4.8,13.0,.372,1.5,5.4,.277,3.3,7.6,.440,.429,1.3,1.8,.762,1.1,2.0,3.1,1.9,0.5,0.2,1.8,1.8,12.5
Carsen Edwards,SG,22,BOS,4,0,7.3,1.5,3.8,.400,0.3,1.3,.200,1.3,2.5,.500,.433,0.0,0.0,0,0.3,0.5,0.8,0.5,0.0,0.3,0.3,0.8,3.3
Wayne Ellington,SG,33,DET,8,5,18.9,3.5,7.0,.500,2.5,5.4,.465,1.0,1.6,.615,.679,0.5,0.6,.800,0.4,1.4,1.8,0.6,0.3,0.4,0.6,1.8,10.0
Joel Embiid,C,26,PHI,11,11,31.3,8.2,15.3,.536,1.2,3.0,.394,7.0,12.3,.570,.574,7.5,8.8,.845,1.6,9.8,11.5,2.9,1.4,1.5,3.2,2.1,25.0
Drew Eubanks,PF,23,SAS,3,0,19.3,1.0,4.3,.231,0.0,0.0,0,1.0,4.3,.231,.231,1.0,1.3,.750,0.3,4.0,4.3,0.3,0.3,2.0,0.3,2.3,3.0
Dante Exum,SG,25,CLE,6,3,19.3,1.7,4.3,.385,0.3,1.8,.182,1.3,2.5,.533,.423,0.2,0.3,.500,0.3,2.5,2.8,2.2,0.7,0.3,1.2,1.5,3.8
Tacko Fall,C,25,BOS,3,0,11.0,1.7,2.3,.714,0.0,0.0,0,1.7,2.3,.714,.714,0.7,1.3,.500,1.0,3.3,4.3,0.0,0.0,2.0,0.0,1.7,4.0
Derrick Favors,C,29,UTA,14,0,16.2,2.6,4.4,.590,0.0,0.0,0,2.6,4.4,.590,.590,0.8,1.2,.647,1.9,3.9,5.7,1.0,0.4,1.1,0.5,2.6,5.9
Cristiano Felício,C,28,CHI,1,0,6.0,0.0,1.0,.000,0.0,0.0,0,0.0,1.0,.000,.000,0.0,2.0,.000,2.0,1.0,3.0,2.0,0.0,0.0,0.0,0.0,0.0
Terrance Ferguson,SG,22,PHI,5,0,3.6,0.0,0.6,.000,0.0,0.6,.000,0.0,0.0,0,.000,0.0,0.0,0,0.0,0.2,0.2,0.2,0.0,0.0,0.2,0.4,0.0
Bruno Fernando,C,22,ATL,8,0,11.1,0.8,1.8,.429,0.0,0.3,.000,0.8,1.5,.500,.429,0.3,0.6,.400,1.1,3.5,4.6,0.8,0.3,0.1,1.3,1.1,1.8
Yogi Ferrell,PG,27,CLE,2,0,20.0,4.0,10.5,.381,1.5,4.5,.333,2.5,6.0,.417,.452,0.0,1.0,.000,1.5,2.0,3.5,2.5,1.5,0.5,1.5,2.0,9.5
Dorian Finney-Smith,PF,27,DAL,8,8,29.4,3.4,8.1,.415,1.8,5.4,.326,1.6,2.8,.591,.523,0.8,0.9,.857,1.4,3.6,5.0,1.0,1.4,0.6,0.5,3.0,9.3
Malachi Flynn,PG,22,TOR,9,0,8.9,0.9,3.2,.276,0.4,1.8,.250,0.4,1.4,.308,.345,0.0,0.0,0,0.0,0.8,0.8,1.2,0.3,0.0,0.2,0.8,2.2
Bryn Forbes,SG,27,MIL,14,0,16.6,2.8,6.4,.438,1.5,3.6,.412,1.3,2.7,.474,.556,0.4,0.7,.600,0.1,0.9,1.0,0.4,0.3,0.0,0.8,1.4,7.5
Trent Forrest,PG,22,UTA,2,0,4.5,0.0,0.0,0,0.0,0.0,0,0.0,0.0,0,0,1.0,1.0,1.000,0.0,0.0,0.0,0.5,0.5,0.0,0.0,1.0,1.0
De'Aaron Fox,PG,23,SAC,14,14,30.7,7.4,15.5,.475,1.4,4.1,.345,5.9,11.4,.522,.521,4.4,6.1,.709,0.6,2.3,2.9,5.8,1.5,0.6,3.0,2.3,20.5
Tim Frazier,PG,30,MEM,3,0,11.0,0.7,2.7,.250,0.0,0.7,.000,0.7,2.0,.333,.250,0.0,0.0,0,0.0,1.3,1.3,2.3,0.3,0.0,1.0,1.3,1.3
Markelle Fultz,PG,22,ORL,8,8,26.9,5.1,13.0,.394,0.5,2.0,.250,4.6,11.0,.420,.413,2.1,2.4,.895,0.6,2.5,3.1,5.4,1.0,0.3,2.3,2.3,12.9
Daniel Gafford,PF,22,CHI,12,0,14.0,2.0,2.9,.686,0.0,0.0,0,2.0,2.9,.686,.686,1.4,2.1,.680,0.9,1.4,2.3,0.6,0.7,1.3,0.5,1.9,5.4
Danilo Gallinari,PF,32,ATL,2,1,14.0,3.0,4.0,.750,1.0,1.5,.667,2.0,2.5,.800,.875,2.0,2.0,1.000,0.0,2.5,2.5,1.5,0.0,0.0,1.5,1.0,9.0
Langston Galloway,SG,29,PHO,12,0,9.5,1.6,3.3,.487,1.2,2.3,.500,0.4,0.9,.455,.667,0.6,0.6,1.000,0.3,0.6,0.8,0.4,0.0,0.0,0.2,0.3,4.9
Darius Garland,PG,21,CLE,6,6,35.8,6.7,14.7,.455,2.5,5.3,.469,4.2,9.3,.446,.540,1.3,1.5,.889,0.5,2.8,3.3,6.3,1.3,0.3,3.0,3.2,17.2
Marc Gasol,C,36,LAL,15,15,19.5,1.5,3.2,.458,0.6,1.5,.391,0.9,1.7,.520,.552,0.9,1.1,.875,1.0,3.7,4.7,2.0,0.5,1.5,1.3,2.7,4.5
Rudy Gay,PF,34,SAS,14,0,22.6,4.5,10.6,.426,1.7,4.9,.353,2.8,5.7,.488,.507,0.7,1.0,.714,1.1,4.4,5.5,1.4,0.8,0.7,0.9,2.0,11.4
Harry Giles,C,22,POR,10,0,9.0,0.9,2.1,.429,0.2,0.4,.500,0.7,1.7,.412,.476,0.5,0.8,.625,0.6,2.7,3.3,0.6,0.4,0.5,0.6,1.7,2.5
Shai Gilgeous-Alexander,SG,22,OKC,13,13,33.4,7.5,14.8,.505,1.8,4.8,.365,5.7,9.9,.574,.565,4.3,5.7,.757,0.8,4.5,5.3,6.2,0.8,0.5,2.7,2.3,21.0
Anthony Gill,PF,28,WAS,4,0,3.5,0.5,0.8,.667,0.3,0.5,.500,0.3,0.3,1.000,.833,0.5,0.5,1.000,0.0,0.8,0.8,0.0,0.3,0.0,0.0,0.5,1.8
Rudy Gobert,C,28,UTA,14,14,30.4,4.9,8.1,.596,0.0,0.0,0,4.9,8.1,.596,.596,2.5,5.4,.467,3.6,10.1,13.6,1.4,0.5,2.7,1.6,2.0,12.2
Brandon Goodwin,PG,25,ATL,11,0,15.3,2.0,6.1,.328,0.8,3.2,.257,1.2,2.9,.406,.396,0.7,1.1,.667,0.1,1.5,1.6,2.1,0.7,0.0,0.5,1.1,5.5
Aaron Gordon,PF,25,ORL,13,13,28.3,5.4,11.9,.452,1.5,4.6,.333,3.8,7.3,.526,.516,2.6,4.2,.630,1.8,5.2,7.0,3.5,0.8,0.7,2.2,1.5,14.9
Eric Gordon,SG,32,HOU,8,2,26.6,5.3,11.6,.452,2.4,7.6,.311,2.9,4.0,.719,.554,2.3,2.6,.857,0.3,1.9,2.1,1.9,0.9,0.8,1.5,1.6,15.1
Devonte' Graham,PG,25,CHO,14,14,33.5,4.0,12.7,.315,2.6,7.9,.324,1.4,4.8,.299,.416,1.9,2.5,.771,0.6,2.7,3.4,6.4,1.6,0.0,1.2,1.6,12.5
Draymond Green,PF,30,GSW,9,9,27.3,1.3,4.2,.316,0.4,1.9,.235,0.9,2.3,.381,.368,1.2,1.9,.647,0.3,5.0,5.3,6.9,1.3,0.2,2.4,3.4,4.3
JaMychal Green,PF,30,DEN,10,0,20.9,3.9,8.4,.464,2.2,4.4,.500,1.7,4.0,.425,.595,1.0,1.4,.714,2.0,4.8,6.8,1.0,0.4,0.2,1.8,2.2,11.0
Javonte Green,SG,27,BOS,5,0,16.4,2.4,4.0,.600,0.2,1.4,.143,2.2,2.6,.846,.625,1.8,2.8,.643,1.4,1.6,3.0,0.6,1.0,0.0,0.8,0.8,6.8
Jeff Green,PF,34,BRK,15,8,22.5,2.6,4.4,.591,1.3,2.5,.500,1.3,1.9,.714,.735,0.4,0.6,.667,0.5,2.5,3.0,1.0,0.5,0.1,0.7,1.5,6.9
Josh Green,SG,20,DAL,11,2,12.4,0.6,1.5,.412,0.0,0.5,.000,0.6,1.1,.583,.412,0.5,0.7,.625,0.7,1.5,2.2,0.5,0.2,0.0,0.7,1.0,1.7
Blake Griffin,PF,31,DET,10,10,32.4,4.4,11.5,.383,2.2,7.1,.310,2.2,4.4,.500,.478,1.9,2.8,.679,0.4,5.5,5.9,4.3,0.8,0.1,1.7,1.6,12.9
Kyle Guy,PG,23,SAC,4,0,8.5,1.0,3.5,.286,0.5,1.3,.400,0.5,2.3,.222,.357,1.3,1.5,.833,0.0,1.3,1.3,1.8,0.3,0.0,0.0,0.0,3.8
Rui Hachimura,PF,22,WAS,7,7,27.7,5.0,10.0,.500,0.6,1.9,.308,4.4,8.1,.544,.529,3.0,4.0,.750,0.9,3.7,4.6,2.3,0.6,0.1,0.7,2.4,13.6
Tyrese Haliburton,PG,20,SAC,12,1,28.0,4.1,7.9,.516,2.2,4.3,.510,1.9,3.7,.523,.653,0.8,0.9,.818,0.8,2.1,2.8,5.3,1.2,0.5,1.3,1.3,11.1
R.J. Hampton,PG,19,DEN,9,0,2.6,0.3,0.8,.429,0.0,0.1,.000,0.3,0.7,.500,.429,0.2,0.2,1.000,0.1,0.3,0.4,0.0,0.0,0.0,0.2,0.2,0.9
Tim Hardaway Jr.,SG,28,DAL,12,10,30.8,6.1,14.1,.432,3.5,8.8,.400,2.6,5.3,.484,.556,1.5,2.3,.643,0.2,3.9,4.1,2.0,0.7,0.3,1.2,1.5,17.2
James Harden,SG,31,TOT,10,10,37.1,8.1,17.8,.455,3.1,9.2,.337,5.0,8.6,.581,.542,7.1,8.1,.877,0.7,5.2,5.9,10.9,1.1,0.8,4.9,2.0,26.4
James Harden,SG,31,HOU,8,8,36.3,7.5,16.9,.444,3.1,9.0,.347,4.4,7.9,.556,.537,6.6,7.5,.883,0.6,4.5,5.1,10.4,0.9,0.8,4.3,1.8,24.8
James Harden,SG,31,BRK,2,2,40.5,10.5,21.5,.488,3.0,10.0,.300,7.5,11.5,.652,.558,9.0,10.5,.857,1.0,8.0,9.0,13.0,2.0,1.0,7.5,3.0,33.0
Jared Harper,PG,23,NYK,2,0,2.5,0.0,0.5,.000,0.0,0.0,0,0.0,0.5,.000,.000,1.0,1.0,1.000,0.0,0.0,0.0,0.0,0.0,0.0,1.0,0.0,1.0
Montrezl Harrell,C,27,LAL,15,0,24.5,5.7,9.0,.637,0.0,0.3,.000,5.7,8.7,.656,.637,2.5,3.6,.704,2.9,4.5,7.4,0.9,0.5,0.6,1.1,1.9,14.0
Gary Harris,SG,26,DEN,12,12,30.7,4.0,9.3,.432,1.3,4.5,.296,2.7,4.8,.561,.505,1.1,1.6,.684,0.8,1.8,2.6,1.4,1.0,0.3,0.8,2.2,10.4
Jalen Harris,SG,22,TOR,1,0,2.0,0.0,0.0,0,0.0,0.0,0,0.0,0.0,0,0,0.0,0.0,0,0.0,0.0,0.0,0.0,0.0,0.0,0.0,1.0,0.0
Tobias Harris,PF,28,PHI,11,11,32.5,7.5,14.9,.500,2.1,4.8,.434,5.4,10.1,.532,.570,2.1,2.4,.885,1.4,5.7,7.1,2.9,1.1,1.0,2.3,2.0,19.1
Shaquille Harrison,SG,27,UTA,7,0,4.1,0.7,1.7,.417,0.0,0.0,0,0.7,1.7,.417,.417,0.1,0.3,.500,0.3,0.4,0.7,0.6,0.3,0.0,0.6,0.3,1.6
Isaiah Hartenstein,C,22,DEN,12,0,9.3,1.6,3.2,.500,0.0,0.0,0,1.6,3.2,.500,.500,1.1,1.8,.591,1.7,1.7,3.3,0.6,0.4,0.8,0.9,2.3,4.3
Jaxson Hayes,C,20,NOP,13,0,12.2,1.5,2.8,.556,0.0,0.0,0,1.5,2.8,.556,.556,0.8,0.9,.833,1.3,2.8,4.1,0.5,0.2,0.5,0.7,1.8,3.8
Killian Hayes,PG,19,DET,7,7,21.1,1.9,6.7,.277,0.7,2.9,.250,1.1,3.9,.296,.330,0.1,0.3,.500,0.1,1.0,1.1,3.6,0.3,0.0,2.4,2.1,4.6
Juan Hernangómez,PF,25,MIN,11,6,20.4,2.5,6.2,.397,1.1,3.5,.308,1.4,2.6,.517,.485,0.6,0.9,.700,0.9,4.4,5.3,0.5,0.5,0.2,0.4,0.9,6.6
Willy Hernangómez,C,26,NOP,2,0,5.0,0.5,1.5,.333,0.0,0.0,0,0.5,1.5,.333,.333,0.5,2.0,.250,1.0,2.5,3.5,0.5,0.0,0.0,0.0,0.0,1.5
Tyler Herro,SG,21,MIA,10,10,33.7,6.7,14.3,.469,1.6,5.3,.302,5.1,9.0,.567,.524,2.6,3.4,.765,0.1,6.6,6.7,3.8,0.4,0.1,2.8,1.6,17.6
Buddy Hield,SG,28,SAC,14,14,34.1,5.1,14.0,.367,3.9,10.5,.367,1.3,3.5,.367,.505,1.2,1.4,.850,0.2,3.9,4.1,3.1,0.7,0.4,1.7,3.1,15.4
George Hill,PG,34,OKC,12,12,25.8,3.9,8.3,.475,1.4,4.0,.354,2.5,4.3,.588,.561,1.7,2.0,.833,0.6,1.4,2.0,3.3,0.8,0.2,0.8,1.0,10.9
Solomon Hill,PF,29,ATL,13,0,18.6,1.7,4.8,.355,1.3,3.7,.354,0.4,1.1,.357,.492,0.2,0.2,1.000,0.5,2.2,2.8,0.8,0.5,0.3,0.7,1.8,4.9
Nate Hinton,SG,21,DAL,4,0,2.5,0.0,1.0,.000,0.0,0.3,.000,0.0,0.8,.000,.000,0.0,0.0,0,0.0,0.0,0.0,0.0,0.3,0.3,0.3,0.0,0.0
Aaron Holiday,PG,24,IND,13,6,21.2,2.4,6.7,.356,0.8,3.2,.244,1.6,3.5,.457,.414,0.4,0.5,.833,0.3,1.1,1.4,2.5,0.9,0.2,0.7,2.2,5.9
Jrue Holiday,PG,30,MIL,14,14,32.2,6.1,12.4,.489,1.7,4.4,.387,4.4,8.0,.545,.557,1.9,2.1,.867,1.0,3.2,4.2,5.1,2.0,0.6,1.4,2.1,15.7
Justin Holiday,SG,31,IND,13,4,29.8,3.9,7.5,.520,1.9,4.5,.431,2.0,3.1,.650,.648,1.2,1.7,.727,0.7,2.8,3.5,1.2,1.2,0.3,1.1,2.5,11.0
Richaun Holmes,C,27,SAC,13,13,29.8,5.9,8.6,.688,0.1,0.3,.250,5.8,8.3,.704,.692,2.1,2.5,.844,2.7,4.8,7.5,1.9,0.9,1.4,1.2,4.3,14.0
Al Horford,C,34,OKC,9,9,27.1,4.6,10.9,.418,1.8,5.6,.320,2.8,5.3,.521,.500,0.2,0.4,.500,0.6,6.6,7.1,2.4,0.3,0.8,0.9,1.6,11.1
Talen Horton-Tucker,SG,20,LAL,13,0,15.6,2.5,6.0,.423,0.6,2.2,.276,1.9,3.8,.510,.474,1.2,1.4,.833,0.5,1.8,2.3,2.0,0.8,0.5,1.0,1.8,6.8
Dwight Howard,C,35,PHI,14,3,17.9,2.7,4.2,.644,0.2,0.5,.429,2.5,3.7,.673,.669,1.3,2.4,.529,2.1,5.6,7.8,0.9,0.2,0.8,1.9,3.3,6.9
Markus Howard,SG,21,DEN,6,0,1.7,0.3,1.5,.222,0.0,1.0,.000,0.3,0.5,.667,.222,0.0,0.0,0,0.0,0.0,0.0,0.2,0.0,0.0,0.0,0.3,0.7
Kevin Huerter,SG,22,ATL,13,2,28.5,4.7,10.8,.433,2.1,5.8,.355,2.6,5.0,.523,.528,0.7,0.8,.818,0.8,2.9,3.8,3.6,1.3,0.1,1.2,2.2,12.2
Serge Ibaka,C,31,LAC,13,13,25.1,4.8,9.4,.516,1.0,2.9,.342,3.8,6.5,.595,.570,1.1,1.4,.778,1.5,4.7,6.2,1.8,0.2,1.2,1.3,2.3,11.8
Kyrie Irving,PG,28,BRK,7,7,33.0,10.1,20.1,.504,3.7,8.7,.426,6.4,11.4,.563,.596,3.1,3.1,1.000,0.7,4.6,5.3,6.1,1.6,0.3,2.1,2.6,27.1
Frank Jackson,PG,22,DET,3,0,8.0,0.7,3.3,.200,0.7,2.7,.250,0.0,0.7,.000,.300,0.0,0.0,0,0.0,1.3,1.3,1.7,0.3,0.0,1.0,1.0,2.0
Josh Jackson,SG,23,DET,11,6,22.3,4.6,11.1,.418,1.5,5.0,.291,3.2,6.1,.522,.484,1.2,2.0,.591,0.5,2.5,2.9,1.6,1.1,0.5,1.5,2.7,11.9
Reggie Jackson,SG,30,LAC,12,1,13.9,2.4,5.3,.453,1.1,2.8,.382,1.3,2.5,.533,.555,0.2,0.4,.400,0.1,1.8,1.8,2.2,0.4,0.1,0.7,1.5,6.1
LeBron James,PG,36,LAL,15,15,32.2,8.5,17.8,.479,2.4,6.4,.375,6.1,11.4,.538,.547,4.3,5.9,.719,0.7,7.1,7.9,7.5,0.8,0.3,3.6,1.3,23.7
Isaiah Joe,SG,21,PHI,9,1,19.1,2.3,6.2,.375,1.9,4.9,.386,0.4,1.3,.333,.527,0.6,0.6,1.000,0.4,1.3,1.8,1.3,0.4,0.4,0.4,1.9,7.1
Cameron Johnson,PF,24,PHO,12,1,23.1,4.3,9.3,.468,2.5,6.5,.385,1.8,2.8,.667,.604,1.0,1.2,.857,0.5,2.8,3.3,1.6,0.6,0.5,0.7,1.0,12.2
James Johnson,PF,33,DAL,13,0,19.1,2.6,5.6,.466,0.8,2.6,.324,1.8,3.0,.590,.541,0.8,1.7,.500,0.4,2.8,3.2,1.9,1.3,0.7,1.3,2.2,6.9
Stanley Johnson,PF,24,TOR,11,0,14.7,1.2,2.5,.464,0.6,1.5,.438,0.5,1.1,.500,.589,0.2,0.4,.500,0.8,2.4,3.2,1.3,0.9,0.4,0.6,1.5,3.2
Tyler Johnson,SG,28,BRK,4,0,7.5,0.8,1.8,.429,0.8,1.3,.600,0.0,0.5,.000,.643,0.0,0.0,0,0.3,0.3,0.5,1.8,0.8,0.0,0.0,0.3,2.3
Nikola Jokić,C,25,DEN,14,14,35.0,9.5,16.6,.573,1.2,3.4,.354,8.3,13.1,.630,.610,4.9,5.8,.852,3.0,8.4,11.4,10.0,1.9,0.6,4.0,3.2,25.1
Damian Jones,C,25,PHO,5,0,8.4,0.6,1.2,.500,0.0,0.2,.000,0.6,1.0,.600,.500,0.4,1.0,.400,0.8,1.0,1.8,0.0,0.2,0.6,0.6,1.8,1.6
Mason Jones,SG,22,HOU,6,1,14.5,3.0,5.5,.545,1.5,2.8,.529,1.5,2.7,.563,.682,1.3,2.5,.533,0.5,1.8,2.3,1.7,0.3,0.0,1.7,0.8,8.8
Tre Jones,PG,21,SAS,4,0,3.3,1.0,1.8,.571,0.0,0.0,0,1.0,1.8,.571,.571,0.8,0.8,1.000,0.8,0.0,0.8,0.3,0.0,0.0,0.0,0.0,2.8
Tyus Jones,PG,24,MEM,13,8,25.8,3.7,8.6,.429,0.6,2.7,.229,3.1,5.9,.519,.464,0.4,0.5,.714,0.5,2.3,2.8,5.4,1.6,0.2,1.1,0.5,8.4
DeAndre Jordan,C,32,BRK,14,10,19.8,2.1,2.6,.784,0.0,0.0,0,2.1,2.6,.784,.784,0.7,1.3,.556,1.5,5.6,7.1,1.9,0.3,1.3,1.9,2.3,4.9
Cory Joseph,PG,29,SAC,14,0,20.6,2.4,5.9,.402,0.6,2.2,.258,1.8,3.6,.490,.451,1.1,1.5,.762,0.4,1.8,2.2,2.2,0.6,0.4,1.3,2.7,6.4
Mfiondu Kabengele,PF,23,LAC,9,0,4.9,0.2,1.4,.154,0.1,0.9,.125,0.1,0.6,.200,.192,0.3,0.4,.750,0.0,0.7,0.7,0.2,0.2,0.2,0.2,1.0,0.9
Frank Kaminsky,C,27,PHO,6,0,8.8,1.7,4.2,.400,0.5,1.2,.429,1.2,3.0,.389,.460,0.3,1.0,.333,1.0,1.3,2.3,0.7,0.0,0.5,0.3,0.5,4.2
Enes Kanter,C,28,POR,14,2,19.9,4.2,6.8,.621,0.0,0.0,0,4.2,6.8,.621,.621,1.6,2.0,.821,3.6,5.6,9.3,1.0,0.6,0.8,0.9,2.1,10.1
Luke Kennard,SG,24,LAC,14,3,23.1,3.4,6.7,.511,1.8,3.4,.521,1.6,3.3,.500,.644,0.6,0.7,.900,0.1,2.8,2.9,1.9,0.2,0.3,1.3,1.8,9.3
Maxi Kleber,PF,29,DAL,9,3,24.3,2.0,4.6,.439,1.8,3.8,.471,0.2,0.8,.286,.634,1.7,1.8,.938,0.8,4.6,5.3,1.3,0.3,0.9,0.7,1.9,7.4
Nathan Knight,PF,23,ATL,6,0,5.8,0.8,2.5,.333,0.5,1.2,.429,0.3,1.3,.250,.433,0.7,0.8,.800,1.0,0.7,1.7,0.2,0.0,0.5,0.5,0.8,2.8
John Konchar,SG,24,MEM,6,0,17.5,2.0,4.3,.462,0.5,1.3,.375,1.5,3.0,.500,.519,1.0,1.0,1.000,1.0,3.0,4.0,2.7,1.3,0.3,0.2,1.2,5.5
Furkan Korkmaz,SG,23,PHI,3,0,18.3,2.0,8.0,.250,1.3,5.3,.250,0.7,2.7,.250,.333,0.7,0.7,1.000,0.0,2.0,2.0,1.0,0.7,0.7,2.0,0.7,6.0
Luke Kornet,PF,25,CHI,1,0,7.0,0.0,2.0,.000,0.0,2.0,.000,0.0,0.0,0,.000,2.0,2.0,1.000,0.0,1.0,1.0,0.0,1.0,0.0,1.0,0.0,2.0
Rodions Kurucs,PF,22,BRK,5,0,3.2,0.2,0.6,.333,0.2,0.4,.500,0.0,0.2,.000,.500,0.0,0.0,0,0.0,0.6,0.6,0.4,0.0,0.0,0.0,0.2,0.6
Zach LaVine,SG,25,CHI,14,14,35.6,9.3,18.6,.498,3.4,8.9,.387,5.9,9.8,.599,.590,5.4,6.2,.862,0.3,4.5,4.8,5.3,1.4,0.6,4.1,2.9,27.4
Jalen Lecque,PG,20,IND,3,0,3.0,0.3,1.3,.250,0.0,0.3,.000,0.3,1.0,.333,.250,1.0,1.0,1.000,0.3,1.0,1.3,0.7,0.0,0.0,0.0,0.0,1.7
Damion Lee,SG,28,GSW,13,0,19.0,2.2,4.8,.460,1.7,3.8,.440,0.5,1.0,.538,.635,0.6,0.8,.800,0.5,2.6,3.2,1.7,0.8,0.0,0.4,1.9,6.8
Saben Lee,PG,21,DET,3,0,8.7,1.0,3.0,.333,0.0,0.3,.000,1.0,2.7,.375,.333,0.7,1.3,.500,0.3,0.0,0.3,0.3,1.0,0.0,1.0,0.7,2.7
Alex Len,C,27,TOR,7,2,10.9,0.7,1.4,.500,0.4,0.9,.500,0.3,0.6,.500,.650,0.4,0.9,.500,0.0,1.6,1.6,0.4,0.1,0.9,1.1,1.4,2.3
Meyers Leonard,C,28,MIA,3,2,9.7,1.0,2.3,.429,1.0,2.3,.429,0.0,0.0,0,.643,0.3,0.7,.500,0.0,2.3,2.3,0.7,0.0,0.0,0.7,1.7,3.3
Caris LeVert,SG,26,BRK,12,4,27.8,7.3,16.7,.435,1.8,5.3,.349,5.4,11.4,.474,.490,2.2,2.8,.765,0.8,3.5,4.3,6.0,1.1,0.5,2.2,1.7,18.5
Kira Lewis Jr.,PG,19,NOP,6,0,9.7,1.5,4.8,.310,0.3,1.3,.250,1.2,3.5,.333,.345,0.8,1.0,.833,0.0,0.7,0.7,1.3,0.2,0.2,0.2,1.0,4.2
Damian Lillard,PG,30,POR,14,14,36.2,8.5,19.3,.441,3.7,10.1,.369,4.8,9.2,.519,.537,7.4,7.9,.945,0.3,4.4,4.7,6.7,1.0,0.3,3.1,1.4,28.1
Nassir Little,PF,20,POR,4,0,6.5,0.5,1.3,.400,0.3,0.5,.500,0.3,0.8,.333,.500,0.3,0.5,.500,0.5,1.3,1.8,0.0,0.0,0.3,0.5,0.8,1.5
Kevon Looney,C,24,GSW,13,0,14.3,1.6,2.5,.656,0.1,0.3,.250,1.5,2.2,.714,.672,0.6,0.8,.727,1.2,2.6,3.8,1.3,0.3,0.2,0.8,2.0,3.9
Brook Lopez,C,32,MIL,14,14,27.1,3.4,8.3,.414,1.9,5.3,.351,1.6,3.0,.524,.526,1.0,1.2,.824,1.4,4.0,5.4,0.9,0.6,1.6,0.7,2.0,9.7
Robin Lopez,C,32,WAS,11,1,16.2,2.5,4.1,.622,0.2,0.5,.400,2.4,3.6,.650,.644,1.2,2.3,.520,1.8,2.4,4.2,0.5,0.1,0.5,0.6,2.1,6.5
Kevin Love,PF,32,CLE,2,2,23.0,3.0,9.0,.333,1.5,4.5,.333,1.5,4.5,.333,.417,2.0,2.5,.800,1.0,5.0,6.0,2.5,0.5,0.0,1.5,0.5,9.5
Kyle Lowry,PG,34,TOR,12,12,36.2,6.2,13.8,.448,3.0,7.8,.387,3.2,6.0,.528,.558,3.8,4.3,.882,1.0,5.3,6.3,7.1,1.0,0.2,3.3,3.3,19.1
Trey Lyles,PF,25,SAS,7,2,12.1,0.9,2.3,.375,0.3,1.0,.286,0.6,1.3,.444,.438,0.3,0.7,.400,0.7,3.0,3.7,0.4,0.0,0.0,0.0,0.4,2.3
Thon Maker,C,23,CLE,8,0,9.5,1.3,2.3,.556,0.0,0.3,.000,1.3,2.0,.625,.556,1.3,1.4,.909,1.0,1.3,2.3,0.5,0.3,0.5,0.4,0.9,3.8
Théo Maledon,PG,19,OKC,13,0,20.0,2.5,6.5,.381,1.1,3.6,.298,1.4,2.8,.486,.464,0.4,0.8,.455,0.2,1.9,2.2,2.8,0.6,0.0,1.9,1.8,6.4
Karim Mané,PG,20,ORL,6,0,9.3,0.2,1.5,.111,0.2,0.3,.500,0.0,1.2,.000,.167,0.7,0.7,1.000,0.0,1.7,1.7,0.2,0.0,0.2,0.5,0.5,1.2
Terance Mann,SG,24,LAC,12,0,10.0,1.1,2.6,.419,0.2,0.5,.333,0.9,2.1,.440,.452,0.1,0.3,.250,0.8,1.7,2.4,0.5,0.3,0.2,0.7,1.1,2.4
Nico Mannion,PG,19,GSW,1,0,8.0,0.0,2.0,.000,0.0,1.0,.000,0.0,1.0,.000,.000,0.0,0.0,0,0.0,2.0,2.0,2.0,0.0,0.0,0.0,1.0,0.0
Boban Marjanović,C,32,DAL,10,0,7.5,1.9,3.7,.514,0.0,0.3,.000,1.9,3.4,.559,.514,0.4,0.6,.667,1.3,1.5,2.8,0.0,0.0,0.0,0.2,0.9,4.2
Lauri Markkanen,PF,23,CHI,7,7,29.6,6.0,12.7,.472,2.9,7.1,.400,3.1,5.6,.564,.584,4.0,4.7,.848,0.9,6.3,7.1,1.1,0.9,0.4,1.9,2.3,18.9
Garrison Mathews,SG,24,WAS,5,0,12.8,2.4,5.4,.444,1.6,3.4,.471,0.8,2.0,.400,.593,1.6,1.8,.889,0.8,0.8,1.6,1.0,0.8,0.2,0.2,1.8,8.0
Dakota Mathias,SG,25,PHI,8,2,15.4,2.4,6.0,.396,1.0,3.3,.308,1.4,2.8,.500,.479,0.3,0.8,.333,0.1,0.8,0.9,1.6,0.1,0.4,0.1,0.9,6.0
Wesley Matthews,SG,34,LAL,12,1,20.8,1.8,4.2,.440,1.3,3.5,.381,0.5,0.7,.750,.600,0.3,0.4,.800,0.3,0.8,1.2,1.0,0.3,0.3,0.1,1.5,5.3
Tyrese Maxey,SG,20,PHI,14,5,21.6,5.1,10.6,.477,0.7,2.6,.278,4.4,8.1,.540,.510,0.5,0.6,.778,0.4,2.1,2.5,2.4,0.6,0.2,0.9,1.4,11.4
Skylar Mays,SG,23,ATL,3,0,3.7,0.0,1.0,.000,0.0,0.3,.000,0.0,0.7,.000,.000,0.0,0.0,0,0.0,0.0,0.0,0.3,0.0,0.0,0.0,0.3,0.0
CJ McCollum,SG,29,POR,13,13,33.8,9.5,20.0,.473,4.8,11.0,.441,4.6,9.0,.513,.594,2.9,3.5,.844,0.5,3.4,3.9,5.0,1.3,0.3,1.0,2.2,26.7
T.J. McConnell,PG,28,IND,10,0,18.3,1.7,3.2,.531,0.0,0.2,.000,1.7,3.0,.567,.531,0.1,0.2,.500,0.5,2.6,3.1,4.9,1.7,0.0,1.5,1.4,3.5
Jaden McDaniels,PF,20,MIN,6,0,8.3,1.2,2.5,.467,0.8,1.8,.455,0.3,0.7,.500,.633,0.2,0.3,.500,0.3,1.2,1.5,0.7,0.3,0.2,0.7,1.3,3.3
Doug McDermott,PF,29,IND,13,1,24.3,4.6,9.0,.513,1.9,4.8,.397,2.7,4.2,.648,.620,1.5,1.8,.792,0.7,2.7,3.4,1.2,0.2,0.0,1.0,1.8,12.6
JaVale McGee,C,33,CLE,13,1,16.9,3.2,7.2,.441,0.3,0.8,.364,2.8,6.3,.451,.462,1.4,2.3,.600,2.1,4.2,6.2,1.3,0.6,1.1,1.2,2.7,8.0
Rodney McGruder,SG,29,DET,2,0,6.0,0.5,0.5,1.000,0.0,0.0,0,0.5,0.5,1.000,1.000,0.5,0.5,1.000,0.5,0.0,0.5,0.0,0.0,0.0,0.0,0.5,1.5
Jordan McLaughlin,PG,24,MIN,5,0,16.6,1.8,4.8,.375,0.4,2.0,.200,1.4,2.8,.500,.417,0.0,0.0,0,0.2,1.6,1.8,3.6,0.6,0.2,0.8,0.4,4.0
Ben McLemore,SG,27,HOU,6,2,22.7,3.5,7.8,.447,2.7,5.2,.516,0.8,2.7,.313,.617,0.5,0.7,.750,0.2,2.5,2.7,1.7,0.7,0.0,1.7,1.7,10.2
Nicolò Melli,PF,30,NOP,8,0,12.6,0.5,2.5,.200,0.4,2.0,.188,0.1,0.5,.250,.275,0.4,0.5,.750,0.3,2.3,2.5,1.1,0.5,0.1,0.5,1.1,1.8
De'Anthony Melton,PG,22,MEM,7,0,19.9,3.6,7.7,.463,0.9,2.4,.353,2.7,5.3,.514,.519,0.1,0.3,.500,0.1,2.1,2.3,2.4,1.3,0.9,1.4,1.7,8.1
Sam Merrill,SG,24,MIL,7,0,6.1,0.6,1.1,.500,0.6,0.9,.667,0.0,0.3,.000,.750,0.3,0.3,1.000,0.4,0.9,1.3,1.4,0.1,0.0,0.4,0.4,2.0
Chimezie Metu,C,23,SAC,5,0,7.6,2.2,4.4,.500,0.2,0.6,.333,2.0,3.8,.526,.523,1.2,1.8,.667,1.6,1.2,2.8,0.8,0.2,0.6,0.4,1.0,5.8
Patty Mills,PG,32,SAS,14,0,25.3,5.2,11.0,.474,3.1,6.7,.457,2.1,4.3,.500,.614,1.2,1.4,.895,0.3,1.4,1.6,3.1,0.2,0.1,0.8,1.6,14.7
Paul Millsap,PF,35,DEN,14,14,23.9,3.8,7.4,.510,1.4,3.3,.435,2.4,4.1,.569,.606,1.6,2.2,.710,1.5,3.6,5.1,1.6,0.9,0.4,1.3,2.1,10.6
Shake Milton,SG,24,PHI,11,1,26.6,5.9,11.7,.504,1.5,4.5,.327,4.5,7.3,.613,.566,3.6,4.3,.851,0.3,1.5,1.8,3.7,1.2,0.3,1.7,2.1,16.9
Donovan Mitchell,SG,24,UTA,14,14,33.5,8.4,19.5,.429,3.4,8.7,.385,5.0,10.8,.464,.515,3.4,4.1,.828,0.8,2.9,3.7,4.9,0.8,0.4,3.2,1.9,23.5
Adam Mokoka,SG,22,CHI,6,0,6.8,0.8,2.3,.357,0.2,1.3,.125,0.7,1.0,.667,.393,0.0,0.0,0,0.2,0.5,0.7,0.7,0.3,0.2,0.3,0.8,1.8
Malik Monk,SG,22,CHO,4,0,9.5,0.8,2.0,.375,0.8,1.8,.429,0.0,0.3,.000,.563,1.0,1.5,.667,0.3,0.5,0.8,1.5,0.0,0.0,0.5,0.8,3.3
E'Twaun Moore,SG,31,PHO,2,0,4.5,0.5,2.0,.250,0.0,0.5,.000,0.5,1.5,.333,.250,0.0,0.0,0,0.5,0.0,0.5,0.0,0.0,0.0,1.0,1.0,1.0
Ja Morant,PG,21,MEM,5,5,29.2,8.4,15.8,.532,0.8,2.8,.286,7.6,13.0,.585,.557,5.0,6.2,.806,0.4,1.6,2.0,7.0,1.0,0.6,2.8,2.2,22.6
Juwan Morgan,PF,23,UTA,3,0,3.3,0.0,0.3,.000,0.0,0.3,.000,0.0,0.0,0,.000,0.0,0.0,0,0.0,1.0,1.0,0.0,0.0,0.0,0.0,0.3,0.0
Marcus Morris,PF,31,LAC,6,0,21.7,4.2,9.2,.455,2.5,5.0,.500,1.7,4.2,.400,.591,1.0,1.2,.857,1.0,2.5,3.5,1.2,0.3,0.0,1.3,1.5,11.8
Markieff Morris,PF,31,LAL,15,1,14.8,1.6,4.0,.400,0.9,2.7,.325,0.7,1.3,.550,.508,0.3,0.5,.625,0.6,3.1,3.7,0.9,0.1,0.4,0.5,1.5,4.4
Monte Morris,PG,25,DEN,14,1,25.9,4.4,8.4,.525,1.2,3.4,.354,3.2,5.0,.643,.597,1.2,1.8,.680,0.4,1.9,2.2,3.2,0.9,0.3,0.4,0.9,11.3
Mychal Mulder,PG,26,GSW,12,0,10.3,1.3,2.8,.485,1.1,2.4,.448,0.3,0.3,.750,.682,0.3,0.6,.571,0.0,1.0,1.0,0.5,0.2,0.1,0.3,0.8,4.1
Dejounte Murray,PG,24,SAS,14,14,32.6,6.4,14.4,.443,1.1,3.4,.319,5.3,11.0,.481,.480,1.6,2.0,.786,0.8,6.6,7.4,5.6,1.4,0.1,1.9,2.3,15.4
Jamal Murray,PG,23,DEN,13,13,34.7,7.0,15.8,.442,2.2,6.5,.345,4.8,9.4,.508,.512,2.9,3.8,.760,0.8,2.6,3.5,4.0,1.0,0.2,1.8,2.4,19.2
Mike Muscala,C,29,OKC,12,0,18.2,3.0,6.9,.434,1.9,5.1,.377,1.1,1.8,.591,.572,0.9,1.0,.917,0.3,2.8,3.2,0.7,0.2,0.4,0.7,1.7,8.8
Larry Nance Jr.,PF,28,CLE,13,12,35.5,4.1,8.2,.495,1.6,3.8,.429,2.5,4.5,.552,.593,0.7,1.2,.563,1.5,4.6,6.1,3.8,2.4,0.5,2.0,2.0,10.5
Raul Neto,PG,28,WAS,11,4,16.9,3.5,6.7,.527,1.3,3.0,.424,2.3,3.7,.610,.622,0.5,0.8,.667,0.3,1.0,1.3,1.6,1.0,0.0,0.8,1.5,8.9
Georges Niang,PF,27,UTA,14,0,10.6,1.6,3.7,.442,0.8,2.4,.324,0.9,1.3,.667,.548,0.1,0.1,1.000,0.2,1.9,2.1,0.4,0.1,0.0,0.6,0.9,4.1
Zeke Nnaji,PF,20,DEN,6,0,2.7,0.2,0.7,.250,0.0,0.3,.000,0.2,0.3,.500,.250,0.0,0.0,0,0.2,0.2,0.3,0.0,0.0,0.0,0.0,0.3,0.3
Nerlens Noel,C,26,NYK,13,0,15.2,1.3,2.4,.548,0.0,0.1,.000,1.3,2.3,.567,.548,0.3,0.5,.571,1.2,3.0,4.2,0.3,0.9,1.7,1.2,1.9,2.9
Jaylen Nowell,SG,21,MIN,1,0,8.0,1.0,3.0,.333,0.0,1.0,.000,1.0,2.0,.500,.333,0.0,0.0,0,1.0,0.0,1.0,1.0,0.0,0.0,0.0,0.0,2.0
Frank Ntilikina,PG,22,NYK,4,0,10.5,1.5,3.5,.429,1.3,2.3,.556,0.3,1.3,.200,.607,0.3,0.8,.333,0.3,0.8,1.0,0.8,0.8,0.0,0.5,1.8,4.5
Kendrick Nunn,PG,25,MIA,7,0,17.4,3.1,7.1,.440,0.6,2.1,.267,2.6,5.0,.514,.480,0.4,0.4,1.000,0.4,1.7,2.1,1.9,0.6,0.3,1.4,0.7,7.3
Jusuf Nurkić,C,26,POR,12,12,23.3,4.2,8.6,.485,0.3,1.0,.250,3.9,7.6,.516,.500,1.3,2.3,.556,1.9,5.8,7.7,2.8,0.9,0.9,1.9,2.8,9.8
Semi Ojeleye,PF,26,BOS,11,1,18.2,2.3,5.5,.417,1.3,3.5,.359,1.0,1.9,.524,.533,1.1,1.5,.706,0.8,2.6,3.5,0.6,0.0,0.0,0.5,1.3,6.9
Jahlil Okafor,C,25,DET,8,0,10.5,2.4,3.5,.679,0.0,0.0,0,2.4,3.5,.679,.679,0.0,0.0,0,1.4,1.5,2.9,0.3,0.3,0.1,0.5,1.0,4.8
Chuma Okeke,PF,22,ORL,5,0,18.2,1.0,2.8,.357,0.4,1.4,.286,0.6,1.4,.429,.429,0.6,1.2,.500,1.0,1.6,2.6,1.6,0.6,0.2,0.6,0.4,3.0
Josh Okogie,SG,22,MIN,6,5,24.2,2.5,5.2,.484,0.2,1.5,.111,2.3,3.7,.636,.500,1.0,1.3,.750,1.0,2.2,3.2,1.8,0.0,1.0,0.8,2.5,6.2
Onyeka Okongwu,C,20,ATL,1,0,14.0,2.0,6.0,.333,0.0,0.0,0,2.0,6.0,.333,.333,0.0,0.0,0,3.0,2.0,5.0,2.0,1.0,0.0,2.0,1.0,4.0
Isaac Okoro,SG,20,CLE,8,8,36.6,3.3,8.0,.406,0.9,2.9,.304,2.4,5.1,.463,.461,1.3,2.0,.625,0.8,1.4,2.1,2.3,1.1,0.5,1.8,2.4,8.6
KZ Okpala,PF,21,MIA,6,2,12.0,1.3,2.8,.471,0.7,1.5,.444,0.7,1.3,.500,.588,0.2,0.7,.250,0.7,0.8,1.5,0.3,0.3,0.0,0.8,1.3,3.5
Victor Oladipo,SG,28,TOT,10,10,33.2,7.7,17.5,.440,2.9,7.8,.372,4.8,9.7,.495,.523,2.9,4.1,.707,0.1,5.5,5.6,4.7,1.7,0.2,2.5,2.6,21.2
Victor Oladipo,SG,28,IND,9,9,33.3,7.1,16.9,.421,2.8,7.7,.362,4.3,9.2,.470,.503,3.0,4.1,.730,0.1,5.6,5.7,4.2,1.7,0.2,2.0,2.6,20.0
Victor Oladipo,SG,28,HOU,1,1,32.0,13.0,23.0,.565,4.0,9.0,.444,9.0,14.0,.643,.652,2.0,4.0,.500,0.0,5.0,5.0,9.0,2.0,0.0,7.0,3.0,32.0
Kelly Olynyk,C,29,MIA,11,7,28.7,4.1,9.0,.455,2.3,6.5,.352,1.8,2.5,.714,.581,0.5,0.7,.625,0.7,4.5,5.3,2.5,0.9,0.9,1.7,2.6,10.9
Miye Oni,SG,23,UTA,9,0,8.6,0.6,1.7,.333,0.6,1.3,.417,0.0,0.3,.000,.500,0.0,0.0,0,0.2,1.2,1.4,0.6,0.0,0.4,0.1,1.1,1.7
Daniel Oturu,C,21,LAC,7,0,5.0,1.1,2.0,.571,0.0,0.1,.000,1.1,1.9,.615,.571,0.3,0.3,1.000,0.7,1.3,2.0,0.6,0.0,0.3,0.1,0.6,2.6
Eric Paschall,PF,24,GSW,12,2,19.4,4.6,8.6,.534,0.7,1.8,.381,3.9,6.8,.573,.573,2.5,3.1,.811,0.9,2.5,3.4,1.3,0.3,0.2,0.3,1.8,12.3
Anžejs Pasečņiks,C,25,WAS,1,0,6.0,0.0,1.0,.000,0.0,1.0,.000,0.0,0.0,0,.000,0.0,0.0,0,1.0,0.0,1.0,1.0,0.0,0.0,5.0,2.0,0.0
Patrick Patterson,PF,31,LAC,6,0,12.5,1.3,3.3,.400,1.0,2.7,.375,0.3,0.7,.500,.550,0.5,0.7,.750,0.5,1.2,1.7,0.7,0.5,0.0,0.8,1.5,4.2
Chris Paul,PG,35,PHO,12,12,31.6,5.0,11.3,.444,0.8,2.8,.303,4.2,8.5,.490,.481,2.7,2.8,.970,0.6,3.9,4.5,8.6,0.8,0.3,2.0,3.1,13.5
Cameron Payne,PG,26,PHO,10,0,17.7,3.0,5.9,.508,1.0,2.2,.455,2.0,3.7,.541,.593,0.4,0.4,1.000,0.2,2.2,2.4,4.3,0.6,0.1,1.3,2.2,7.4
Elfrid Payton,PG,26,NYK,15,15,29.1,5.5,12.3,.449,0.6,1.9,.310,4.9,10.4,.474,.473,1.5,2.1,.688,1.4,2.7,4.1,4.1,0.7,0.2,2.3,2.1,13.1
Reggie Perry,PF,20,BRK,7,0,9.3,1.6,3.3,.478,0.1,0.9,.167,1.4,2.4,.588,.500,0.1,0.4,.333,0.6,2.3,2.9,1.0,0.0,0.1,0.4,1.0,3.4
Theo Pinson,SG,25,NYK,6,0,2.7,0.0,0.8,.000,0.0,0.8,.000,0.0,0.0,0,.000,0.0,0.0,0,0.0,0.2,0.2,0.0,0.0,0.0,0.0,0.3,0.0
Mason Plumlee,C,30,DET,13,13,27.5,3.3,6.1,.544,0.0,0.3,.000,3.3,5.8,.573,.544,1.8,2.5,.719,3.1,5.6,8.7,3.5,1.5,0.5,1.8,3.5,8.4
Jakob Poeltl,C,25,SAS,14,3,19.7,2.4,4.2,.576,0.0,0.0,0,2.4,4.2,.576,.576,0.4,1.3,.278,3.1,3.2,6.3,2.0,0.5,0.9,1.1,2.1,5.2
Vincent Poirier,C,27,PHI,3,0,4.7,0.3,1.0,.333,0.0,0.0,0,0.3,1.0,.333,.333,0.7,1.3,.500,0.7,0.3,1.0,0.3,0.0,0.3,0.3,0.3,1.3
Aleksej Pokusevski,PF,19,OKC,11,0,16.8,1.3,5.4,.237,0.5,3.3,.167,0.7,2.1,.348,.288,0.0,0.0,0,0.5,3.5,4.0,1.2,0.5,1.1,1.5,1.0,3.1
Jordan Poole,SG,21,GSW,8,0,9.6,1.5,3.8,.400,0.6,2.3,.278,0.9,1.5,.583,.483,1.1,1.1,1.000,0.1,0.9,1.0,0.9,0.1,0.0,0.5,0.9,4.8
Bobby Portis,C,25,MIL,14,1,22.9,4.6,8.4,.547,0.9,2.0,.429,3.7,6.4,.584,.598,0.9,1.3,.722,2.3,5.8,8.1,1.1,0.9,0.4,1.1,2.1,10.9
Kristaps Porziņģis,C,25,DAL,4,4,28.8,7.3,17.0,.426,2.0,7.0,.286,5.3,10.0,.525,.485,2.0,2.8,.727,2.0,5.8,7.8,0.5,0.0,2.0,1.3,2.8,18.5
Dwight Powell,C,29,DAL,9,6,19.8,1.6,3.3,.467,0.1,0.6,.200,1.4,2.8,.520,.483,1.8,2.4,.727,1.1,2.4,3.6,1.2,1.2,0.6,0.9,2.6,5.0
Norman Powell,SG,27,TOR,13,3,23.0,3.7,9.2,.400,2.0,4.8,.419,1.7,4.5,.379,.508,2.7,3.1,.875,0.1,2.1,2.2,0.8,1.0,0.2,1.3,1.8,12.1
Taurean Prince,PF,26,BRK,12,4,18.2,2.5,6.2,.405,1.1,3.1,.351,1.4,3.1,.459,.493,2.0,2.3,.889,0.2,2.7,2.8,0.6,0.7,0.7,0.9,1.8,8.1
Payton Pritchard,SG,23,BOS,12,0,22.7,3.3,6.7,.500,1.3,3.1,.432,2.0,3.6,.558,.600,0.8,0.8,.900,0.5,2.3,2.8,2.8,1.1,0.4,1.8,1.9,8.8
Immanuel Quickley,PG,21,NYK,11,0,17.9,3.4,8.4,.402,1.2,3.5,.342,2.2,4.9,.444,.473,2.1,2.2,.958,0.1,1.5,1.6,2.6,0.6,0.4,0.9,2.1,10.0
Jahmi'us Ramsey,SG,19,SAC,4,0,4.0,0.5,1.0,.500,0.3,0.8,.333,0.3,0.3,1.000,.625,0.0,0.0,0,0.0,1.0,1.0,0.3,0.0,0.3,0.3,0.0,1.3
Julius Randle,PF,26,NYK,15,15,37.1,8.2,16.9,.484,1.5,4.1,.355,6.7,12.8,.526,.528,4.9,6.4,.771,1.4,9.6,11.0,6.1,0.7,0.2,3.6,3.4,22.8
J.J. Redick,SG,36,NOP,13,0,21.3,2.5,7.4,.344,1.7,5.4,.314,0.8,2.0,.423,.458,1.7,1.7,1.000,0.2,1.8,2.0,1.2,0.2,0.0,0.7,1.4,8.5
Paul Reed,PF,21,PHI,4,0,12.8,2.0,4.8,.421,0.0,0.8,.000,2.0,4.0,.500,.421,0.0,0.0,0,1.8,0.8,2.5,0.8,0.3,1.0,1.3,1.0,4.0
Naz Reid,C,21,MIN,12,4,20.3,4.0,7.5,.533,1.0,2.6,.387,3.0,4.9,.610,.600,1.7,2.3,.714,0.9,3.2,4.1,1.2,0.5,1.0,1.4,2.9,10.7
Nick Richards,PF,23,CHO,4,0,3.0,0.5,0.5,1.000,0.0,0.0,0,0.5,0.5,1.000,1.000,0.3,0.5,.500,0.3,0.8,1.0,0.0,0.0,0.0,0.0,0.5,1.3
Josh Richardson,SG,27,DAL,8,8,32.5,4.9,11.9,.411,2.0,6.3,.320,2.9,5.6,.511,.495,2.0,2.1,.941,1.1,1.8,2.9,1.6,0.9,0.3,1.3,3.8,13.8
Austin Rivers,SG,28,NYK,11,2,25.5,3.4,8.0,.420,1.8,4.6,.392,1.5,3.4,.459,.534,0.2,0.4,.500,0.3,2.5,2.8,2.5,0.5,0.0,1.3,1.9,8.7
Jerome Robinson,SG,23,WAS,6,1,15.0,1.5,3.8,.391,0.7,1.7,.400,0.8,2.2,.385,.478,0.8,0.8,1.000,0.0,1.7,1.7,1.3,0.5,0.0,0.7,2.2,4.5
Mitchell Robinson,C,22,NYK,15,15,30.0,3.9,6.0,.644,0.0,0.0,0,3.9,6.0,.644,.644,0.7,1.7,.440,3.9,4.4,8.3,0.5,1.4,1.8,0.7,2.7,8.5
Isaiah Roby,PF,22,OKC,10,4,19.4,3.5,6.3,.556,0.7,1.8,.389,2.8,4.5,.622,.611,1.3,2.1,.619,1.8,3.2,5.0,1.3,0.5,0.4,1.2,2.5,9.0
Rajon Rondo,PG,34,ATL,5,0,13.2,1.0,3.8,.263,0.4,1.4,.286,0.6,2.4,.250,.316,0.0,0.0,0,0.4,1.2,1.6,4.0,0.2,0.2,1.2,0.4,2.4
Derrick Rose,PG,32,DET,10,0,23.7,5.5,12.5,.440,1.0,3.0,.333,4.5,9.5,.474,.480,3.5,4.2,.833,0.3,1.7,2.0,5.1,1.4,0.3,2.3,1.4,15.5
Terrence Ross,SG,29,ORL,13,0,27.8,5.6,13.1,.429,2.2,5.8,.382,3.4,7.2,.468,.515,2.9,3.2,.905,0.2,2.5,2.7,1.7,1.1,0.3,1.8,2.0,16.4
Terry Rozier,SG,26,CHO,14,14,33.1,7.1,14.8,.478,3.4,7.6,.443,3.7,7.2,.515,.592,2.4,3.1,.773,0.6,3.4,4.1,2.7,1.4,0.5,1.9,2.2,19.9
Ricky Rubio,PG,30,MIN,11,3,24.5,2.2,5.7,.381,0.5,1.9,.238,1.7,3.8,.452,.421,1.5,1.5,.941,0.4,2.5,2.8,5.4,1.4,0.0,1.6,2.2,6.3
D'Angelo Russell,PG,24,MIN,12,11,31.5,8.0,18.1,.442,3.1,7.8,.398,4.9,10.3,.476,.528,2.5,3.7,.682,0.6,2.6,3.2,5.6,1.5,0.4,3.4,2.1,21.6
Domantas Sabonis,PF,24,IND,13,13,37.5,8.6,15.6,.552,0.7,2.2,.310,7.9,13.4,.592,.574,3.8,5.5,.681,3.2,9.7,12.8,5.8,0.8,0.5,3.4,3.8,21.7
Luka Šamanić,PF,21,SAS,3,0,2.7,0.3,1.7,.200,0.3,0.7,.500,0.0,1.0,.000,.300,0.3,0.7,.500,0.0,0.0,0.0,0.0,0.0,0.0,0.0,0.0,1.3
JaKarr Sampson,PF,27,IND,7,0,7.4,1.0,2.1,.467,0.0,0.3,.000,1.0,1.9,.538,.467,0.6,0.7,.800,0.4,1.7,2.1,0.0,0.1,0.3,0.1,0.9,2.6
Dario Šarić,PF,26,PHO,7,0,18.9,3.7,8.3,.448,1.4,4.0,.357,2.3,4.3,.533,.534,1.7,1.9,.923,0.4,4.1,4.6,1.0,0.6,0.1,1.6,2.0,10.6
Tomáš Satoranský,SG,29,CHI,3,0,22.7,2.3,5.0,.467,0.7,2.0,.333,1.7,3.0,.556,.533,1.0,1.0,1.000,0.7,1.7,2.3,6.0,1.3,0.3,2.7,0.7,6.3
Dennis Schröder,SG,27,LAL,15,15,31.0,5.5,12.8,.427,1.2,3.7,.327,4.3,9.1,.467,.474,2.7,3.3,.800,0.7,3.5,4.2,4.7,1.1,0.2,2.4,2.8,14.8
Mike Scott,PF,32,PHI,8,2,19.1,1.8,5.5,.318,1.1,4.5,.250,0.6,1.0,.625,.420,0.3,0.4,.667,0.5,2.3,2.8,0.1,0.3,0.3,0.4,1.3,4.9
Collin Sexton,SG,22,CLE,8,8,37.4,9.8,18.4,.531,2.0,3.9,.516,7.8,14.5,.534,.585,3.6,4.4,.829,0.5,1.6,2.1,3.5,1.4,0.3,2.1,2.9,25.1
Landry Shamet,SG,23,BRK,15,0,17.3,1.6,4.6,.348,1.1,3.4,.314,0.5,1.2,.444,.464,1.1,1.2,.889,0.1,1.3,1.4,1.1,0.7,0.1,0.8,1.2,5.3
Pascal Siakam,PF,26,TOR,12,12,35.5,7.2,16.4,.437,1.3,4.8,.263,5.9,11.7,.507,.475,3.3,4.3,.769,2.3,5.6,7.8,4.9,0.8,0.7,2.6,3.9,18.9
Chris Silva,PF,24,MIA,6,0,8.8,1.0,1.5,.667,0.2,0.2,1.000,0.8,1.3,.625,.722,1.7,2.0,.833,1.2,1.8,3.0,1.0,0.2,0.3,1.3,2.3,3.8
Ben Simmons,PG,24,PHI,12,12,33.0,4.6,9.2,.500,0.1,0.4,.200,4.5,8.8,.514,.505,3.0,4.8,.632,1.2,8.1,9.3,8.0,1.5,1.0,4.2,3.4,12.3
Anfernee Simons,SG,21,POR,11,0,10.5,1.4,4.5,.300,1.1,3.4,.324,0.3,1.2,.231,.420,0.4,0.5,.667,0.0,1.5,1.5,0.5,0.1,0.3,0.3,1.0,4.2
Deividas Sirvydis,SG,20,DET,2,0,1.0,0.0,1.0,.000,0.0,1.0,.000,0.0,0.0,0,.000,0.0,0.0,0,0.0,0.0,0.0,0.0,0.0,0.0,0.0,0.0,0.0
Marcus Smart,PG,26,BOS,11,11,32.5,3.6,10.5,.345,1.9,5.8,.328,1.7,4.7,.365,.435,3.0,4.1,.733,0.5,2.1,2.6,5.6,1.5,0.5,1.5,2.5,12.2
Dennis Smith Jr.,PG,23,NYK,3,0,9.3,0.7,3.3,.200,0.0,1.3,.000,0.7,2.0,.333,.200,1.7,2.0,.833,0.0,0.7,0.7,1.0,1.0,0.0,0.3,1.3,3.0
Ish Smith,PG,32,WAS,11,0,19.3,2.5,6.5,.394,0.4,1.1,.333,2.2,5.4,.407,.423,0.5,1.2,.385,0.5,2.8,3.4,4.0,0.6,0.3,1.0,1.1,5.9
Jalen Smith,PF,20,PHO,2,0,10.0,1.0,2.5,.400,0.0,0.5,.000,1.0,2.0,.500,.400,0.0,1.0,.000,1.5,1.0,2.5,0.5,0.0,0.5,0.5,0.5,2.0
Tony Snell,SG,29,ATL,4,0,10.3,1.0,2.8,.364,1.0,2.3,.444,0.0,0.5,.000,.545,0.0,0.0,0,0.3,1.0,1.3,0.8,0.0,0.3,0.0,1.5,3.0
Cassius Stanley,SG,21,IND,6,0,3.3,0.3,1.0,.333,0.2,0.3,.500,0.2,0.7,.250,.417,0.7,0.8,.800,0.2,0.2,0.3,0.0,0.0,0.2,0.2,1.0,1.5
Lamar Stevens,PF,23,CLE,9,0,14.2,1.7,4.1,.405,0.1,0.8,.143,1.6,3.3,.467,.419,0.9,1.1,.800,0.3,1.9,2.2,0.8,0.4,0.0,0.3,0.7,4.3
Isaiah Stewart,C,19,DET,11,0,16.6,1.9,4.0,.477,0.0,0.1,.000,1.9,3.9,.488,.477,0.5,0.8,.667,3.1,2.3,5.4,0.8,0.4,0.6,0.5,2.7,4.4
Edmond Sumner,SG,25,IND,6,3,15.2,2.8,5.3,.531,0.5,2.0,.250,2.3,3.3,.700,.578,0.5,1.0,.500,0.8,1.3,2.2,1.0,1.2,0.0,1.0,1.3,6.7
Jeff Teague,PG,32,BOS,10,2,19.4,2.3,6.8,.338,0.9,1.9,.474,1.4,4.9,.286,.404,1.8,2.1,.857,0.4,2.0,2.4,2.5,1.5,0.2,1.0,1.5,7.3
Garrett Temple,SG,34,CHI,13,2,26.7,3.5,7.2,.489,1.9,4.5,.431,1.6,2.8,.583,.622,0.9,1.2,.800,0.5,2.1,2.5,1.9,1.0,0.2,1.2,2.8,9.9
Tyrell Terry,PG,20,DAL,8,0,4.9,0.5,1.4,.364,0.0,0.8,.000,0.5,0.6,.800,.364,0.0,0.1,.000,0.0,0.5,0.5,0.5,0.5,0.0,0.1,0.1,1.0
Daniel Theis,C,28,BOS,12,10,22.2,3.3,5.8,.580,0.5,1.9,.261,2.8,3.8,.739,.623,0.3,0.8,.333,1.3,3.9,5.2,1.3,0.3,0.8,1.1,2.3,7.4
Brodric Thomas,SG,24,HOU,3,0,6.3,0.3,1.7,.200,0.0,1.3,.000,0.3,0.3,1.000,.200,1.0,1.7,.600,0.3,0.7,1.0,1.3,0.0,0.0,1.0,1.7,1.7
Matt Thomas,SG,26,TOR,5,0,10.2,1.8,3.8,.474,1.4,2.6,.538,0.4,1.2,.333,.658,0.2,0.2,1.000,0.0,1.0,1.0,1.0,0.4,0.0,0.2,0.4,5.2
Tristan Thompson,PF,29,BOS,10,10,23.1,3.0,6.1,.492,0.0,0.0,0,3.0,6.1,.492,.492,1.4,2.2,.636,3.1,5.4,8.5,0.7,0.4,0.8,1.4,2.5,7.4
Sindarius Thornwell,SG,26,NOP,4,1,8.0,0.3,1.5,.167,0.0,0.3,.000,0.3,1.3,.200,.167,0.0,0.0,0,0.0,0.5,0.5,0.0,1.0,0.0,0.0,0.5,0.5
Matisse Thybulle,SG,23,PHI,11,0,13.5,1.1,3.1,.353,0.6,2.2,.292,0.5,0.9,.500,.456,0.3,0.5,.600,0.1,1.3,1.4,0.8,1.1,0.7,0.4,1.4,3.1
Xavier Tillman Sr.,PF,22,MEM,8,1,20.8,4.0,7.1,.561,0.3,1.3,.200,3.8,5.9,.638,.579,0.4,0.5,.750,1.1,2.8,3.9,1.6,1.4,0.5,0.4,2.0,8.6
Obi Toppin,PF,22,NYK,5,0,12.0,1.8,5.0,.360,1.0,2.8,.357,0.8,2.2,.364,.460,0.4,0.4,1.000,0.2,2.4,2.6,0.8,0.4,0.6,0.4,0.4,5.0
Juan Toscano-Anderson,SG,27,GSW,6,2,15.0,1.2,1.5,.778,0.3,0.7,.500,0.8,0.8,1.000,.889,0.5,0.8,.600,0.2,3.2,3.3,1.8,0.3,0.7,0.8,1.7,3.2
Karl-Anthony Towns,C,25,MIN,4,4,33.0,7.3,15.8,.460,1.5,4.0,.375,5.8,11.8,.489,.508,6.0,6.3,.960,4.0,8.5,12.5,4.3,0.5,2.8,2.5,2.8,22.0
Gary Trent Jr.,SG,22,POR,12,0,24.3,3.9,9.3,.423,2.3,5.3,.422,1.7,3.9,.426,.545,0.7,1.0,.667,0.5,1.3,1.8,1.2,0.3,0.1,0.5,1.4,10.8
P.J. Tucker,PF,35,HOU,12,12,32.5,1.8,4.1,.449,1.3,2.8,.441,0.6,1.3,.467,.602,0.6,0.8,.778,0.9,3.9,4.8,1.6,1.1,0.8,1.3,3.3,5.5
Myles Turner,C,24,IND,12,12,31.7,4.6,9.8,.470,1.3,4.4,.283,3.3,5.3,.625,.534,2.0,2.7,.750,1.4,5.4,6.8,1.1,1.5,4.2,1.3,3.4,12.4
Jonas Valančiūnas,C,28,MEM,12,12,26.8,5.6,10.5,.532,0.3,1.2,.286,5.3,9.3,.563,.548,2.9,4.0,.729,2.7,7.8,10.4,1.8,0.8,1.0,2.3,3.7,14.4
Denzel Valentine,SG,27,CHI,10,0,18.9,2.9,6.8,.426,1.6,3.9,.410,1.3,2.9,.448,.544,0.2,0.2,1.000,0.2,4.4,4.6,1.9,1.0,0.1,0.7,0.8,7.6
Jarred Vanderbilt,PF,21,MIN,10,1,16.3,2.2,3.3,.667,0.0,0.0,0,2.2,3.3,.667,.667,1.1,2.3,.478,1.3,4.1,5.4,1.5,1.3,0.5,0.9,1.8,5.5
Fred VanVleet,SG,26,TOR,13,13,35.7,6.9,16.8,.411,3.4,9.3,.364,3.5,7.5,.469,.511,1.8,2.1,.852,0.8,3.6,4.4,6.3,1.3,0.5,1.8,2.1,19.0
Devin Vassell,SG,20,SAS,13,0,17.3,1.7,4.6,.367,0.8,2.3,.367,0.8,2.3,.367,.458,0.7,0.7,1.000,0.7,3.0,3.7,1.3,1.3,0.3,0.2,1.2,4.9
Gabe Vincent,PG,24,MIA,5,3,22.2,4.0,11.0,.364,2.2,6.8,.324,1.8,4.2,.429,.464,1.6,2.0,.800,0.0,1.8,1.8,2.8,0.6,0.0,1.6,3.2,11.8
Nikola Vučević,C,30,ORL,14,14,31.7,9.3,17.9,.520,2.6,6.2,.425,6.6,11.6,.571,.594,1.7,2.1,.800,2.4,8.6,11.0,3.5,1.3,0.5,1.3,1.6,22.9
Dean Wade,PF,24,CLE,12,0,11.5,0.9,2.5,.367,0.6,1.7,.350,0.3,0.8,.400,.483,0.2,0.2,1.000,0.3,1.2,1.5,0.6,0.4,0.1,0.4,0.9,2.6
Moritz Wagner,C,23,WAS,5,0,13.6,2.2,3.4,.647,0.8,1.4,.571,1.4,2.0,.700,.765,1.2,1.6,.750,0.4,3.6,4.0,0.8,0.2,0.0,0.2,3.6,6.4
Kemba Walker,PG,30,BOS,1,1,20.0,3.0,13.0,.231,1.0,8.0,.125,2.0,5.0,.400,.269,2.0,3.0,.667,0.0,3.0,3.0,4.0,3.0,0.0,5.0,1.0,9.0
Lonnie Walker,SG,22,SAS,14,14,28.9,4.8,11.4,.419,1.9,4.9,.382,2.9,6.6,.446,.500,1.7,2.2,.774,0.4,2.9,3.2,1.7,0.5,0.6,1.0,2.2,13.1
John Wall,PG,30,HOU,7,7,33.9,7.0,15.4,.454,1.4,4.4,.323,5.6,11.0,.506,.500,3.1,3.7,.846,0.7,4.0,4.7,5.1,1.3,1.0,3.4,1.3,18.6
Brad Wanamaker,PG,31,GSW,13,0,15.8,1.3,4.0,.327,0.5,1.5,.316,0.8,2.5,.333,.385,1.5,1.7,.864,0.3,1.5,1.8,2.9,0.8,0.2,0.8,1.6,4.5
P.J. Washington,PF,22,CHO,14,14,28.9,4.5,10.6,.426,1.2,3.4,.362,3.3,7.2,.455,.483,2.7,3.7,.731,1.9,5.3,7.1,3.0,0.9,1.4,2.1,3.2,12.9
Tremont Waters,PG,23,BOS,5,1,9.8,0.8,2.6,.308,0.6,1.4,.429,0.2,1.2,.167,.423,0.8,0.8,1.000,0.2,0.4,0.6,2.8,0.6,0.0,1.8,0.8,3.0
Russell Westbrook,PG,32,WAS,7,7,37.1,7.3,19.3,.378,1.4,4.7,.303,5.9,14.6,.402,.415,3.3,5.0,.657,1.0,8.7,9.7,11.3,1.3,0.3,5.3,3.3,19.3
Coby White,PG,20,CHI,14,14,34.6,5.8,14.4,.403,2.4,6.7,.351,3.4,7.6,.449,.485,1.9,2.3,.844,0.6,4.6,5.2,5.9,0.4,0.1,2.9,2.6,15.9
Derrick White,SG,26,SAS,1,0,23.0,3.0,9.0,.333,1.0,4.0,.250,2.0,5.0,.400,.389,2.0,2.0,1.000,0.0,1.0,1.0,1.0,0.0,2.0,2.0,1.0,9.0
Hassan Whiteside,C,31,SAC,9,0,12.7,2.6,4.9,.523,0.0,0.0,0,2.6,4.9,.523,.523,1.3,2.7,.500,1.0,3.2,4.2,0.6,0.2,1.1,0.8,1.4,6.4
Andrew Wiggins,PF,25,GSW,13,13,32.7,6.6,14.9,.443,2.1,5.4,.386,4.5,9.5,.476,.513,2.5,3.5,.711,0.8,3.7,4.5,2.4,0.5,1.6,1.8,2.5,17.8
Grant Williams,PF,22,BOS,10,2,20.1,2.0,4.8,.417,0.7,2.2,.318,1.3,2.6,.500,.490,0.3,0.9,.333,1.3,2.0,3.3,0.7,0.6,0.5,0.8,3.1,5.0
Kenrich Williams,PF,26,OKC,13,0,11.6,1.2,2.7,.457,0.3,0.8,.400,0.9,1.9,.480,.514,0.5,0.6,.875,0.6,1.5,2.1,1.0,0.5,0.3,0.5,1.4,3.3
Lou Williams,PG,34,LAC,12,0,19.7,3.4,7.8,.436,0.8,2.2,.385,2.6,5.7,.456,.489,1.7,2.1,.800,0.3,1.7,1.9,2.6,0.7,0.1,0.8,0.9,9.3
Patrick Williams,PF,19,CHI,13,13,26.9,3.8,7.8,.485,1.1,2.2,.500,2.7,5.6,.479,.554,1.5,1.8,.870,0.8,3.1,3.8,1.1,0.8,0.8,1.7,2.7,10.2
Robert Williams,C,23,BOS,8,0,16.4,3.0,3.9,.774,0.0,0.1,.000,3.0,3.8,.800,.774,0.8,0.9,.857,2.5,4.0,6.5,0.6,1.1,1.5,1.4,1.3,6.8
Zion Williamson,PF,20,NOP,12,12,32.6,9.5,16.1,.591,0.0,0.3,.000,9.5,15.8,.600,.591,4.4,6.9,.639,3.2,4.8,8.0,1.8,1.1,0.4,2.8,2.6,23.4
D.J. Wilson,PF,24,MIL,7,0,10.1,1.6,3.7,.423,1.0,2.3,.438,0.6,1.4,.400,.558,0.1,0.3,.500,0.4,2.3,2.7,0.4,0.1,0.3,0.6,1.3,4.3
Cassius Winston,PG,22,WAS,1,0,2.0,0.0,1.0,.000,0.0,1.0,.000,0.0,0.0,0,.000,0.0,0.0,0,0.0,0.0,0.0,1.0,0.0,0.0,0.0,1.0,0.0
James Wiseman,C,19,GSW,13,13,20.6,4.5,9.2,.483,0.5,1.2,.400,4.0,8.1,.495,.508,1.3,2.2,.586,1.2,4.8,6.0,0.4,0.5,1.5,1.8,3.5,10.7
Christian Wood,C,25,HOU,11,11,33.5,9.5,17.6,.536,1.7,4.7,.365,7.7,12.9,.599,.585,3.2,4.7,.673,2.2,8.5,10.7,1.4,0.6,1.7,2.0,2.4,23.8
Delon Wright,SG,28,DET,13,8,25.8,2.5,6.5,.376,0.7,2.1,.333,1.8,4.5,.397,.429,1.5,1.8,.870,0.8,2.8,3.6,4.1,0.8,0.6,0.9,0.7,7.2
Thaddeus Young,PF,32,CHI,10,0,23.5,4.6,8.0,.575,0.4,1.4,.286,4.2,6.6,.636,.600,0.8,1.3,.615,1.5,2.8,4.3,3.0,0.9,0.4,2.2,2.5,10.4
Trae Young,PG,22,ATL,13,13,32.7,6.4,16.5,.386,1.5,5.6,.274,4.8,10.9,.444,.433,8.6,9.7,.889,1.0,3.5,4.5,8.9,0.7,0.2,4.3,2.1,22.9
Cody Zeller,C,28,CHO,1,1,19.0,3.0,6.0,.500,0.0,2.0,.000,3.0,4.0,.750,.500,0.0,1.0,.000,1.0,2.0,3.0,0.0,3.0,1.0,1.0,1.0,6.0
Ivica Zubac,C,23,LAC,14,1,18.1,2.7,3.9,.691,0.0,0.0,0,2.7,3.9,.691,.691,1.9,2.4,.788,1.6,3.1,4.6,1.0,0.5,0.9,1.0,2.4,7.3
